596e30	at
b8743a7	man
b878fa3	sat
596e29	am
596e2a	an
b99f68e6	an. Is that an octopus?
b878bf8	ran
b8750e8	had
b8750f8	hat
b873ab0	gas
b8743b9	map
596f22	in
b8748e9	big
b874ff0	hit
b8773fb	pig
b874fe9	him
ae2c3ca8	him. I told him a secret.
b8790ab	sit
b871eec	did
596f38	it
596f2a	if
b871eef	dig
596f64	on
b8757b0	not
777a95f2	not. He does not like cake.
b8743ea	mom
b874f36	hot
b873c79	got
b871f29	dog
b87632e	top
b873f21	log
b8767a2	job
b874f32	hop
596fa0	up
b873978	fun
b874975	bug
b878d2d	sun
b91ed79f	sun. The sun rises in the east.
b87896c	run
b874961	bus
b872073	dug
b44448f3	dug. I dug a hole in the yard.
b874639	mud
596fa3	us
b878965	rug
b87982a	yes
b877f23	wet
e89161f1	wet. Are your shoes wet?
b878b76	red
295cca14	red. She has seven red balloons.
b874423	men
b873b33	get
b87406b	leg
b877264	pet
b87627a	ten
b873762	fed
b87727e	pen
596e37	as
b8750ff	has
596f3f	is
b874ff7	his
b8747b0	box
b8790a7	six
b8742b9	mix
b8737b4	fox
7c75f95c	quit
b8737f2	fix
7c6e3771	fish
7c79abc7	ship
7c79aa81	shop
7c700d96	much
7c70465a	bath
7c73bca3	this
7c70e5c9	chin
7c6fbb35	math
7c7775e7	with
7c73bdac	that
7c6e1565	fast
7c6f3cc2	land
7c77662d	went
7c79a02b	soft
7c6f4dde	left
7c6f3f2f	last
b87330e	and
7c716d46	hand
7c715c94	help
7c7035e5	best
7c79369d	stop
7c6ec64b	glad
7c799c5b	sled
7c6e4269	flag
7c6e3bb9	frog
7c75de36	plan
7c793657	step
97ade3ad	step. Did she step on your toe?
7c7350ba	trip
7c793a05	swim
7c79469d	spot
b874ba9	can
7c70c09a	camp
b874d27	cut
7c7514ef	kept
b876ca3	kid
7c70c25c	cash
5acefc13	cash. He paid in cash.
b876cb3	kit
b874d23	cup
7c70d85d	club
b874bb7	cap
7c73b114	tell
7c6b030e	doll
7c6e24c6	fell
7c714c84	hill
7c7776fb	will
7c797773	sell
ec5e58ec	sell. We sell apples.
b875c8a	off
7c6f9881	miss
a4791af	glass
a4686f1	grass
a7a8f62	black
a8b652d	clock
7c6f9826	milk
7c6b2f3c	duck
7c728766	neck
7c75f3b4	pick
b87357c	ask
7c790370	rock
7c6aed3c	desk
ba9de71	snack
7c7501ae	king
7c6f244f	long
7c79a6b6	sing
aeb5419	thing
a7e0b55	bring
7c7986be	sang
ba0431e	stung
7c790a9f	rang
7c777632	wing
ba07aa1	swing
7c704483	bank
aeb741d	thank
9cd695f	drink
7c75f259	pink
7c79a6ba	sink
aeb5415	think
818d187c	shrunk
add9953	trunk
7c7986b2	sank
c568a75	Frank
8d054b59	bathtub
782c8800	within
7f90cd0f	sunset
5c0e3c1b	cobweb
61795644	itself
9e40e2f7	desktop
1d4db355	himself
aefa962	upset
3aae0155	windmill
597186bc	bobcat
7c70f1f0	cups
7c703455	beds
819622c8	shells
ae9ebfd	tents
59329968	tents. We pitched our tents in the yard.
ba21a4e	spots
bad8543	songs
7c75f328	pigs
6690b00d	trucks
7c78b676	rugs
9c894cf	desks
a0427f4d	brushes
a77f806	boxes
432363c5	dishes
ba72c559	glasses
dbb2745d	classes
7827a136	wishes
b27dcf00	dresses
a62d14f	mixes
2976b92f	lunches
a33f802	foxes
b8790db	she
597077	we
10089110	we. We ate all the raisins.
5970f9	so
3d0e2892	so. It is so windy outside today!
2b5c4	a
596f08	he
b8762dc	the
596f44	no
ff884670	no. There were no ripe bananas.
596ead	me
5658d25a	me. Wait for me!
596ec2	be
be87258d	be. The cake will be good.
596e6d	go
b31a482	plant
ba20f89	spend
b9feffe	stamp
a7a9e04	blend
b25c654	print
add96b1	trust
a7deb5e	brand
a8b8ef6	clamp
ba20f99	spent
b9fef09	stand
596ede	by
6abbffa3	by. Sit by me.
596eb1	my
b8790c7	shy
b878ddf	spy
b879043	sly
b875f9a	try
b873856	fly
b871f8a	dry
b874d0d	cry
b873808	fry
57420671	magnet
62f1c576	napkin
dd8bd711	contest
9d823b50	dentist
68c66a5c	publish
5fb7042b	invent
73a28e2a	chipmunk
afd4cef	until
5fb465ff	insist
38abbc9a	trumpet
7c733ad1	open
7c744983	unit
a76c182	begin
7c6ba61d	even
7e9d63cb	refund
7c7d5a07	zero
aa5cf9a	human
8181612c	silent
6ae8a48b	prevent
59527e88	belong
b873455	ate
cbcf5dad	ate. We ate dinner.
7c713517	hope
7c6fb928	made
d5ee470d	made. They made a tree fort.
7c6e3401	fine
7c716f9d	hate
7c70685f	bite
2edf342a	bite. Our dog does not bite people.
7c792c5f	ride
7c724dd5	note
7c73c1f0	time
864ec2b9	time. What time is it?
7c750376	kite
7c6adc11	date
7c79a87e	side
e6c09326	side. Whose side are you on?
7c6e3719	five
7c7275a2	name
7c715fdf	here
4616b761	here. Come here.
7c6e9130	gave
7c6f1bc3	life
7c7900cd	rope
7c76f0cd	vote
7c725509	nine
7c70c149	cake
7c7065e0	bike
7c745d6e	joke
7c6f3c26	lake
7c6fb787	make
7c70c08f	came
7c6f1c2e	like
7c70c1b4	cave
7c70da68	code
7c73a13e	take
7c79af1a	skin
7c79af04	skip
7c798e16	scab
7c79af19	skim
baf5e2d	skunk
b8790e4	sky
baafc20	scuff
baf9274	skill
7c798e1a	scan
7c79af00	skit
bacf5d2	slide
b9ff0d2	state
a468890	grade
19b6104c	grade. What grade are you in?
9cd6849	drive
ba00686	stone
add4403	trade
a368ea6	flame
b25c70f	pride
f4570211	pride. A pride of lions passed by.
bac59bb	smile
a7df234	broke
7c78b74b	rule
7c736dcf	tune
7c853d71	June
7c70f262	cute
74bc5c8c	student
b876466	use
41d30be2	use. May I use your pen?
7c79a520	size
3fdcc66b	size. What size are your feet?
aeb846a	these
aeb7ae0	those
7c79016e	rose
f14a160e	rose. The rose bush is in bloom.
7c7774cd	wise
7c792ae8	rise
b25c8d1	prize
7c713534	hose
9a7005bc	hose. Use the hose to water the plants.
a35b041	froze
531746f7	grapes
a56c095	lakes
a77bc10	bones
b550a1e	votes
50e6d90b	frames
a629d5b	miles
71661c9a	plates
61e03acb	plates. Put the plates on the table.
a409118	games
abc0806	notes
5a3b6289	brakes
e673045b	brakes. The brakes on my bike don't work.
7c735023	tree
b35108f	queen
aeb466b	three
7c6e23b7	feet
308d3e3a	feet. I have big feet.
7c6aeaf1	deep
a4698be	green
b878f36	see
e428882f	see. I see you.
7c776519	week
69b6ec78	week. Can you come next week?
7c75129e	keep
7c703429	been
be8bbd98	been. I have been there.
7c777bd1	when
b66c65a	while
54348258	while. I hum while I bake.
b66c342	white
b877fc3	why
b66e652	whale
4cae021e	whale. We saw a great white whale!
b66c438	which
1ebcd505	which. Which bag is mine?
7c777a43	whip
7c777b4f	what
7c70d961	cold
7c7501ad	kind
7c6fc200	most
7c7776f3	wild
62ce6d1b	wild. A wild dog growled at us.
7c703f54	both
a8d9f4f	child
7c73c916	told
84d514e4	told. She told me a secret.
7c6e3400	find
d3d99789	find. Did you find the rainbow?
7c6fc12f	mold
a7a6e08	blind
b87507a	her
a1c0b61	after
b2faf53	paper
782d7ed6	winter
50cb34b4	finger
644bf646	number
9dc4e6d	enter
afd926d	under
7c7331cb	over
817c98af	sister
7c70461a	barn
b874bb5	car
7c7170da	hard
52558d5e	garden
baf4606	shark
7c7935d1	star
7c7aaeeb	yard
7c75cfd2	part
b87349b	arm
596f6c	of
b8737be	for
24bb1b46	for. This gift is for you.
50b65da8	forget
baefa97	short
abc0e2a	north
7c70dbb5	corn
7c71355e	horn
ba00a12	storm
7c6e2f15	fork
7c703e94	born
45eb3840	born. Were you born in March?
ad7616b	order
7c757ebb	push
7c707952	bull
7c71b5b9	into
7c7075e9	bush
b877074	put
7c6e68d6	full
596f9e	to
d955d6db	to. I will go to the farm.
596d8e	do
2769e1a7	do. Do you like apples?
7c757d80	pull
b877fd5	who
7c6e1364	face
b25c7a8	price
a32a50e	fence
ba21f21	space
bae7c97	since
7c790af0	race
b87556a	ice
b31a5fe	place
9c65508	dance
ae03389	twice
7c75d136	page
ea5bbaa3	page. Turn to page 55.
b873b2a	gem
7c71a23a	huge
a572a98	large
7c6ea1b8	germ
b8732e6	age
a9af688	hinge
b9fee21	stage
7c70bfc5	cage
5c458f23	change
7c6eb338	give
7c6f2555	love
7c71705f	have
c10d75f9	have. Do you have a cold?
7c6f1dd3	live
179049f0	live. How long did the turtle live?
a8906e6	carve
7c70d85a	clue
ca20a994	clue. Here is a clue to the riddle.
b872071	due
ff7eb668	due. The book is due today.
7c70547b	blue
953fd6a5	blue. The kitten has blue eyes.
7c735233	true
7c6ec7de	glue
b873344	all
e89310ba	all. Who ate all the cookies?
7c704546	ball
c6e66d39	ball. Throw the ball to me.
7c6e14c2	fall
7c7756f3	wall
bac79ba	small
7c73a110	tall
7c70c167	call
b61d050	water
7c775629	want
af8fb59e	want. They want new socks.
b877ea0	was
b8747b1	boy
94ba3b6c	boy. He is a small boy.
7c745ca7	join
9dc0132	enjoy
b876327	toy
7c703bad	boil
7c70d80e	coin
a67fd09	moist
b3119e9	point
b875baf	oil
b8797e6	you
361103d5	you. How are you today?
b878fa0	saw
7c6f3fb1	lawn
7c6db8aa	auto
7c6b11a5	draw
7c70d5dc	claw
950ba1c4	August
7c717030	hawk
b878be1	raw
7c7aad84	yawn
7c6dbc6b	aunt
be02091	aunt. My aunt came to visit.
b874f35	how
b8757b3	now
a7df1a3	brown
b874c7e	cow
b9925e7	round
50ff35c0	flower
725f89cb	flower. Lilacs are my favorite flower.
a680b6e	mouth
a3405f3	found
b875f2d	our
ff5afd3b	our. Our cat has white paws.
a8c4da6	count
7c75de21	play
b303127	paint
b877eaa	way
c409d267	way. Come this way.
7c6e1439	fair
b382ee3c	fair. Let's go to the county fair.
7c7935da	stay
b878fae	say
7c790bb1	rain
5bb2f017	rain. The rain helps the crops grow.
add4565	train
7c6fb7cc	mail
732ced11	mail. I got a letter in the mail.
aed0d02	today
a428154	geese
a980281	house
abbf49b	noise
a30b018	false
a97ddc6	horse
38bf816f	horse. I rode my horse in the meadow.
b9e7a86	rinse
ba84c0b	sense
90569433	sense. This riddle doesn't make sense.
a680a04	mouse
7c6b8f5a	else
5c43c078	cheese
ae7ac7b	table
5ba39a24	candle
aebc065	title
a671130	maple
7c6d83af	able
afda494	uncle
5e81e3cf	handle
817d4c0b	simple
7c79871a	said
7c6ec8a6	gone
54aa6a89	little
56b1e0a8	middle
a27724d	apple
5a6a809b	bubble
52e033c2	giggle
77a17bba	waffle
6fd46d49	puzzle
6fc6aa09	puddle
b345b8c2	shuttle
597d2cc1	bottle
632ef926	needle
574c89f0	marble
71c1b53d	pickle
594e1aba	beetle
52558a3f	gargle
7caeda97	sparkle
5a6e6273	buckle
7c799e91	some
e3997c	some. Do you want some cake?
7c724c8f	none
6091341a	none. None of my socks are red.
7c70d881	come
7c736f58	turn
c2df6f22	turn. It's your turn to play.
7c70750e	burn
a8f1872	curve
7c719fde	hurt
6fd0454b	purple
7e985a8f	return
5c4c1222	church
b873964	fur
6f760c6	fur. The rabbit has soft fur.
a78dccaa	disturb
acbdc1a	nurse
7c73c1cf	tiny
7c70441d	baby
7c6f3e4b	lazy
7c6dc782	army
a88d634	candy
a34d861	fifty
b2fca6b	party
7c76e79d	very
e74c0416	very. Your hands are very cold.
b66f508	where
c60b92b7	where. Where is my balloon?
aeb838b	there
4db2ff94	there. The bananas are over there.
a9f71f5	happy
7f8f5308	sudden
56ba61ca	mitten
5e8daf67	happen
b2e0c29	penny
6dc3740c	kitten
7ee3e4eb	rabbit
7c70e462	city
7c703d55	body
b873493	are
7c798200	snow
7c70d91c	coat
7c7902bd	road
540e891e	road. The road is slippery.
b875f73	own
782dc389	window
859d2c01	yellow
7c703cbd	boat
7c79aa86	show
7c6ebf88	grow
7c799f08	soap
e6b75d62	thankful
e75e5eb9	silently
7c3208e3	cheerful
ecec3b4	spotless
533988de	gladly
348befb2	darkness
77a05248	graceful
b875b81	one
1ae064c5	one. I have one kite.
7c72cc02	once
7c72ccf1	only
2d8be962	running
5c8a1cc1	chopping
b9f877a	sunny
ed4451cd	stopping
1027f900	hottest
63d40638	planning
72224939	flatter
4f2f2308	quitting
75aa493f	swimmer
9e9b78ac	biggest
9646274d	parking
6c0079ee	waiting
8210d7f2	waiting. Are you waiting for me?
b2378465	drawing
7d805bf5	runner
a71b4a4	muddy
814a3ff5	slower
add0404	owner
a6b5fb08	digging
2e89dcfe	keeping
aecedad	tooth
b87abbf	zoo
7c7902fa	room
7c799f58	soon
b876331	too
5d4ae7fa	too. Your sister can come, too.
7c6e2c67	food
ba21728	spoon
7c724d65	noon
7c6fb8fe	many
b873313	any
b8721b5	eat
71687b8b	please
37ff7a40	please. Please set the table.
7c7a9f4a	year
7c78f9b7	read
2bff6f8	read. Dan will read a book.
7c715dfb	hear
e57520fe	hear. Do you hear a sound?
7c6b558a	each
7c73b178	team
7cf99c26	team. Whose team are you on?
a8ba060	clean
a15bf4e8	breathe
7c6e3bb3	from
6fd0265a	pushed
b358e770	shopped
77a580c8	wanted
9bdf4488	pointed
80e20f61	snowed
77a2ecef	waited
b3bc7f12	waited. Amy waited for the train.
b33023fd	dropped
7165e6c0	played
670ca1b9	turned
54c6ba0f	locked
5d92dad2	hoping
7827d1aa	wisest
af22a23	using
b667748	wider
716665da	placed
8137917f	smiled
a47c3fa	glued
b49e0574	shaking
5a3af155	braver
5c46093d	chased
c3b3f3b2	chased. We chased butterflies in the yard.
7c6eb2b5	girl
8f23f2fc	birthday
baf2411	shirt
7c706818	bird
7c6afe4e	dirt
5c3addb7	circle
a35079f	first
aeb5086	third
d33b08d8	thirteen
6855632f	thirty
7c6f2422	look
7c70d94d	cook
7c703cec	book
7c6ec8c6	good
7c778ed6	wood
4d482a27	wood. My uncle chops wood.
7c6e2c77	foot
7c73c93a	took
ba006a6	stood
7c7763a0	were
5756863a	were. Where were you?
b876029	two
a551bcd3	two. I have two cats.
abcf2f9	night
208695cc	night. It rained all night.
b9ebae5	right
e45d0c5a	right. The answer is right.
7c714c2b	high
7ae3c955	high. The mountain is very high.
a6278ba	might
10caeb65	might. I might go with you.
a5291fb	light
79fa6e02	tonight
baea1a4	sight
e2c76df3	sight. The sunset is a pretty sight.
a34f2f1	fight
5a3f92e7	bright
aec19e3	tight
8ee1facf	pennies
5c67ac0d	crying
a35ab6e	fries
9e22d5de	playful
4f57454e	happiness
59917ebb	babies
96dd26df	payment
3aac003a	windiest
d016f292	candies
add66eb	tried
7c8375cb	I'll
4afc442a	I'll. I'll call you later.
a88deda	can't
431a0971	didn't
81952d9c	she'll
9cb6393	don't
6859d418	that's
abafc02	isn't
8571be01	you'll
889e41bf	you'll. You'll be done soon.
b874afb	bye
a3d35a78	bye. Bye, see you later!
b696d00	won't
7c71b349	inch
a891018	catch
a76c607	bench
7fa26e34	stitch
b9a5d93	ranch
a672296	match
a61aa99	lunch
26362473	kitchen
7c7221d3	itch
6ce37ba9	teacher
7c6b6ac6	edge
5a3f7f1a	bridge
b10461c	judge
a78cc80	badge
a3b6210	fudge
b9eb798	ridge
acc2618	nudge
a8c4df4	could
b692de0	would
c45fe2b4	would. Would you like a book?
818e680c	should
b97f1f7	reply
9e34e047	destroy
d652a115	yesterday
ee46a964	everything
b873db6	gym
3eebeb44	gym. Let's lift weights at the gym.
5045ca33	family
ba00a06	story
1df1a427	history
7c6fd92d	myth
6fd8773b	pretty
7c778e2b	word
100ab3b	word. Can you spell this word?
7c778e24	work
b6952e7	world
684ddf39	world. This world map is useful.
b6955f3	worth
7c778e22	worm
b6955c8	worst
db21ff0	worst. We are having the worst weather!
b6955a4	worry
7c7075f8	busy
7c716c86	half
7c73a117	talk
ef96173f	January
1ec90509	February
7c853d2f	July
dc053bca	September
62faac7	October
cdf3bb6f	November
bfca701a	December
c488bc3	April
b87e5fe	Mr․
7c805aed	Mrs․
23e884f0	Mrs․. Mrs. Slade plays the flute.
7c793650	stew
b875979	new
f44ab79	new. She has a new coat.
7c70e65c	chew
7c6ebec2	grew
7c6e41fd	flew
31e4db8f	flew. The bird flew away.
aeb4679	threw
2a005230	threw. Bob threw the ball.
76b7b4dc	newspaper
7c705279	blew
ead90169	blew. The baby blew bubbles.
7c6b1221	drew
7c70ef46	crew
b873771	few
81d65c8c	few. She had a few beagles.
b877267	pew
5c71e2d5	curfew
7c79af8f	skew
b87443a	mew
7c794654	spew
b8724f2	ewe
b6f2dd43	ewe. The ewe looked after her lamb.
b878f24	sew
79c32c21	sew. Sew a button on this shirt.
7c76fba8	view
7e95123f	review
7c6aeb61	dead
74c01c1d	weather
d4c043d1	weather. What beautiful weather!
5635ca65	instead
5e407979	health
a7dd9f5	bread
8035be3b	bread. Sue ate bread and jam.
7c6aeb63	deaf
7fec1454	spread
7c6f4e69	lead
369d2363	lead. The lead in my pencil broke.
7c715ded	head
b56a898	write
94e77f52	write. Write me a letter.
b56b09e	wrote
7e335512	wrote. Ted wrote a story.
7c76fc51	wrap
25ecbd55	wrap. Wrap the food in foil.
b56a8ee	wrist
b56adc6	wrong
864063c1	afternoon
12a2680d	something
8901ba1	understand
737cbccf	anything
12a2f397	sometimes
7c74dd18	know
1e15b866	know. Do you know how to ski?
7c74dc52	knew
ea89406c	knew. She knew all the answers.
7c74dc40	knee
b1076ca	knife
7c74dcdd	knit
41495c18	knit. Angie can knit socks well.
b107ee7	knock
7c74dd1b	knot
ebaae9e8	knot. My shoelaces are in a knot.
6d1f53d2	knight
2a730282	knight. The knight rode a horse.
7c793334	sure
7c79851d	says
817e1f01	singer
504b1129	father
ba7da72	serve
ad0a3fd	offer
6fd83d13	prefer
5bf84de1	closer
40870f84	closer. Come closer to the campfire.
10420131	however
5956dbb5	better
557f4e7b	letter
50eb19b7	friend
70e0ac30	person
576949cc	mother
9cbbf9f	dozen
a35b1c4	front
a9e0f6f8	nothing
80ac4b15	second
a67f175	month
adc98a1	other
a1c066f1	brother
7c7331d7	oven
2517b783	interest
c98c7717	together
ba602122	remember
ae29e60c	surprise
83c8568c	complete
4a5d62e2	husband
fe37ef43	important
73417d20	different
b69505f	woman
b6950db	women
9da78b2	eight
5eecebeb	eight. We have eight marbles.
625bc184	ninety
4b483841	hundred
b6439d1	weigh
d3dd6988	weigh. How much does a horse weigh?
457f02b4	eleven
4a5824a0	fifty-nine
685294f3	nineteen
95412143	seventy
77eb7385	weight
3378997e	weight. She lifted a ten-pound weight.
e09df8d7	neighbor
a269f21	argue
8f091da4	continue
4eb5c329	avenue
9d1a5f75	Monday
98c2e54e	Tuesday
a0e46451	Thursday
972c0224	Friday
488b6c78	Saturday
c5d180b1	Sunday
e76f09d7	Wednesday
9d66826	early
80aac1ab	search
a591e31	learn
7c6b587d	earn
6dfbcdfa	earn. Did you earn some money?
9d6652f	earth
a9d1d3f	heard
4f2a96b3	heard. I heard a noise.
b2ddd2f	pearl
2dadc6a	pearl. She has a pearl bracelet.
7e070a3c	research
bce88e4	yearn
a9d1d2f	heart
bfa683bf	heart. He has a big heart.
a468609	graph
b33bd99	phone
633a42a4	nephew
aa398e1d	dolphin
71a8a7f8	phrase
668d936d	trophy
5353c902	gopher
b33bb49	photo
b33d56a	phase
9ebf93b9	phase. The moon is in crescent phase.
56b9c26b	minute
e7ecd16f	minute. Wait a minute.
b871eed	die
a660136a	die. Flowers die without water.
b8773f9	pie
41fefc5c	pie. We love pumpkin pie!
b8762fd	tie
b873ee5	lie
5c1b88a4	lie. I prefer not to tell a lie.
ad747e7	orbit
71663687	planet
b605a0c3	gravity
c8a20940	universe
d710bfe	Venus
c72d7f8a	Saturn
7c6e2eab	four
fcf59be9	four. Four chickens crossed the road.
7c7a94d4	your
2bbd3ce0	your. Is this your necklace?
7c799d80	soul
5c58e29c	soul. We won’t tell a soul.
a8c4d3a	court
d22a8a23	court. They took the matter to court.
a680a2e	mourn
124c5d16	mourn. I mourn the loss of my hat.
a482c2e	gourd
6b089508	gourd. Put a dried gourd in the wreath.
7c75d97d	pour
c81134d4	pour. I’ll pour a glass of milk.
1ec8a77b	shoulder
50b49437	fourth
69b44fb4	fourth. My pony won fourth place.
4c4690d	fourteenth
7c799d9c	soup
bcd2f7a	youth
a46b0ba	group
7c73c8f9	tour
688996c7	toucan
31e499eb	triangle
42d05751	degree
75fa6b6d	volume
9ea01fa	octagon
9b9ff929	polygon
a1dff28	about
a1dffda	above
b8732ec	ago
7c6dd34b	away
a1fbf91	agree
a21250e	along
4efee506	around
4e31bd49	amount
1259dc2e	another
a1f78c5	again
7c7033b1	bear
f9c3ac0f	bear. A bear stole our food.
a469920	great
6afd10d9	great. What a great movie!
7c776584	wear
74b83c82	wear. Did you wear a hat?
a7dd9fa	break
d8b204f4	break. Let’s take a lunch break.
b9fff6d	steak
3e05a089	steak. Dad ate steak and eggs.
7c75c0e3	pear
a67355f6	pear. We planted a pear tree.
7c73b167	tear
8da70391	tear. Did you tear the paper?
ba06a57	swear
9b6767ec	underwear
49274086	daybreak
57692bdb	motion
d08e440e	caution
735fab7f	station
5aa18f83	invention
62f40eb6	nation
66250ac6	option
6b040695	fiction
f29ddf9e	emotion
4841c15f	mention
45ebd2eb	question
7c7752ac	warm
b877ea1	war
97fe1de8	war. The war is over.
7c7752af	warn
20025ef6	warn. Let’s warn her about the ice.
b3502e6	quart
477f96ff	quart. We bought a quart of milk.
ac815851	quarter
6779401e	forward
13db0e4e	backward
7e989732	reward
7c713665	hour
9bf3867e	hour. We ran for an hour.
70ef14a6	people
a67ee95	money
b876d32	key
5765a6de	monkey
a97cd90	honey
670cade1	turkey
7598e42e	valley
e472fbd8	chimney
6dbb1c11	kidney
7c73be25	they
b8724bc	eye
2da3085d	eye. My dog has one blue eye.
b874f27	hoe
7fcd61c	hoe. The garden hoe is rusted.
b87633b	toe
afd51053	toe. Brad broke his toe.
b8737a9	foe
ed5ece53	foe. We faced our biggest foe.
594b37dc	before
b87e7c5	Joe
6ab16814	unable
b871f2b	doe
9ff99b7b	doe. The doe nibbled on some berries.
5521af19	include
6b9d9756	provide
7c79aa94	shoe
4f96e7ec	shoe. My shoe is untied.
a717c04	music
6fc7f3a4	public
a66d984	magic
373f6a28	traffic
9e2a9a15	plastic
a25522e	attic
503cfc78	fabric
aecd904	topic
f5a5c500	elastic
7c6b04f8	does
9e96ecc4	does. Irwin does not want to go.
2b5c8	m
8ea9d3c	/m/ · moon
2b5d6	s
d16a4f96	/s/–/z/ · sun, has
2b5d5	p
6d78887c	/p/ · pig
af1e036c	/ă/–/ā/–/ah/ · apple, acorn, father
2b5cb	n
81217e50	/n/ · nest
2b5d1	t
f43c58ed	/t/ · tent
2b5c7	b
18d5a6a7	/b/ · bat
2b5cf	j
866aa9be	/j/ · jam
2b5c2	g
712183de	/g/–/j/ · goose, gem
2b5c1	d
f71195c0	/d/ · deer
2b5c6	c
969e9c9	/k/–/s/ · cow, city
2b5dc	y
237b0b12	/y/–/ĭ/–/ī/–/ē/ · yarn, gym, my, happy
2b5cd	h
19330867	/h/ · hat
2b5ce	k
99fb9b8a	/k/ · kite
2b5d7	r
30b53fdd	/r/ · rake
2b5cc	i
a3a02df	/ĭ/–/ī/–/ē/ · itchy, ivy, radio
2b5d3	v
5e16cc45	/v/ · vase
2b5c3	f
60ec2c40	/f/ · fish
2b5df	z
36a5490c	/z/ · zipper
2b5ca	o
a3f9fab9	/ŏ/–/ō/–/o͞o/–/ŭ/ · otter, open, to, oven
2b5c9	l
1746f950	/l/ · leaf
2b5d2	w
a4526840	/w/ · wave
2b5d0	u
4a14b5bc	/ŭ/–/ū/–/o͝o/ · udder, unit, put
2b5c0	e
a562a2f2	/ĕ/–/ē/ · echo, even
597021	qu
c03c5f44	/kw/ · queen
2b5dd	x
1c26e693	/ks/ · ax
596f99	th
6f84e987	/th/–/th/ (voiced) · three, then
5970fe	sh
913e5aeb	/sh/ · ship
596eee	ch
96b8d47f	/ch/–/k/–/sh/ · child, school, chef
596eed	ck
4fd419a0	/k/ — two-letter /k/ · duck
596f4c	ng
6d0c50f0	/ng/ · king
596f40	nk
b22c2668	/ngk/ · thank
596da5	ee
3a3e54c7	/ē/ — double e · feed
59707a	wh
1407c2d2	/hw/ · while
596db2	er
1e44c030	/er/ as in her · her
596e36	ar
a962a351	/ar/ · car
596f78	or
8c540de2	/or/–/er/ as in work · corn, work
596f73	oy
ec03bf8c	/oy/ — /oy/ that we MAY use at the end of English words · toy
596f63	oi
7167b2f1	/oy/ — /oy/ that we may NOT use at the end of English words · oil
596e33	aw
92133e0b	/aw/ — /aw/ that we MAY use at the end of English words · saw
596e31	au
c1473089	/aw/ — /aw/ that we may NOT use at the end of English words · pause
596f7d	ow
1a9a897	/ow/–/ō/ · cow, low
596f7f	ou
e126bfb3	/ow/–/ō/–/o͞o/–/ŭ/ · mouse, soul, soup, touch
596e3d	ay
9baf5cad	/ā/ — two-letter /ā/ that we MAY use at the end of English words · day
596e2d	ai
1181370	/ā/ — two-letter /ā/ that we may NOT use at the end of English words · rain
596fa2	ur
55b555f0	/er/ as in nurse · nurse
596f6b	oa
24d15afc	/ō/ — two-letter /ō/ that we may NOT use at the end of English words · boat
596f65	oo
2d98410f	/o͞o/–/o͝o/–/ō/ · food, book, floor
596da1	ea
91daee6e	/ē/–/ĕ/–/ā/ · leaf, bread, great
596da4	ed
959b54e2	/ĕd/–/d/–/t/ · wanted, snowed, dropped
596f3e	ir
94598ff0	/er/ as in first · first
b8754e3	igh
36790be5	/ī/ — three-letter /ī/ · light
b8761ba	tch
870f6408	/ch/ — three-letter /ch/ · match
b871e23	dge
6cf21f3e	/j/ — three-letter /j/ · badge
596db7	ew
8924a98b	/o͞o/–/ū/ · grew, few
597060	wr
80366a94	/r/ — two-letter /r/ used only at the beginning of a word · write
596fe0	kn
af6d7c14	/n/ — two-letter /n/ used only at the beginning of a word · know
7c6b7806	eigh
bb486acc	/ā/ — four-letter /ā/ · eight
b8721b3	ear
58263d30	/er/ as in early · early
59701d	ph
96bb42a5	/f/ — two-letter /f/ · phone
596f29	ie
2ae3cfab	/ē/–/ī/ · field, pie
596f98	ti
e421a13	/sh/ — tall-letter /sh/ · nation
596db9	ey
54e5f188	/ē/–/ā/ · key, they
596f6f	oe
b7909e6f	/ō/ — two-letter /ō/ that we MAY use at the end of English words · toe
162b67c6	The Vowels Rule
891f4075	Every word has at least one vowel. The vowels are a, e, i, o, u, and sometimes y.
dc74a3c7	The Short Vowel Rule
90d776e5	When a single vowel is followed by a consonant, it usually says its short sound.
e93c055f	The Soft C Rule
56b5f8f2	C says /s/ before e, i, or y.
6176597	The Floss Rule
afcd21	Double f, l, and s at the end of a one-syllable word with one vowel.
a2666afa	The CK Rule
49ef7d3a	Ck is only used right after a short vowel.
cc9b91e0	The Add S Rule
5e13ab6e	Make most words plural by adding s.
fea51685	The Add ES Rule
1203f6b0	Spell /ĭz/ at the end of a plural word with e-s.
74133bff	The Long Vowel Rule
2f033402	When a vowel is at the end of a syllable, it is usually long.
2a7144ba	The Never-Ending Rule
e408fceb	English words don't end in i, j, u, or v.
55b89d8f	The Every Syllable Rule
918897f5	Every syllable has at least one vowel.
a5544a57	The Find Gold Rule
1211d677	In one-syllable words, i and o often say their long sounds when followed by two consonants.
f29086db	The Soft G Rule
c1a742e4	G usually says /j/ before e, i, or y.
5e49ff6c	The Double Consonant Rule
61e6d2c0	To protect a short vowel, we often double the consonant.
d2a8f92e	The Consonant Suffix Rule
6c19697d	When adding a consonant suffix, don't change the base word.
103eec43	The 1-1-1 Rule
7ce4098c	When adding a vowel suffix, double the last consonant if the base word has 1 syllable, 1 vowel, and 1 consonant at the end.
3583cb4d	The Past Tense Rule
4682e4b7	To make a word past tense, we usually add ed.
6b1eee17	The Drop Silent E Rule
fa8065d4	Drop Silent E when adding a suffix that begins with a vowel.
bbc3d1ff	The Change Y to I Rule
b1e08274	To add a suffix to a word ending in single vowel y, change the y to i and then add the suffix.
33c101cd	The TCH Rule
49aa93c7	Tch may be used to spell /ch/ right after a short vowel.
2e30bff4	The DGE Rule
79a626d7	Dge is used to spell /j/ right after a short vowel.
a29f36a2	The Prefix Rule
b7d0e451	When adding a prefix, don't change the base word.
2b947b37	Ways to spell ā · Level 3
e06115ca	a, a-e, ay, ai (more later: eigh, ea, ey, ei)
18dfbd7b	Ways to spell ō · Level 3
159df15e	o, o-e, oa, ow (more later: oo, oe, ou, ough)
db01e6a5	Ways to spell ē · Level 3
7d2145e9	e, e-e, ee, ea, y (more later: i, ey, ie, ei)
c7ed5b41	Ways to spell er · Level 3
e079e7cd	er, ur, ir (more later: or, ear, our)
4a15571d	Ways to spell ī · Level 3
ba9f2d0f	i, i-e, y, igh (more later: ie, y-e)
43eac15b	Ways to spell j · Level 4
8be9ddaa	j, g, dge (more later: d)
3cae275a	Ways to spell ū · Level 4
518683c4	u, u-e, ew (more later: u+e)
2cd04e24	Ways to spell ĕ · Level 4
9ff29a8	e, ea
c7ed5b46	Ways to spell er · Level 4
f171db2d	er, ur, ir, or, ear (more later: our)
4a15571a	Ways to spell ī · Level 4
754652cf	i, i-e, y, igh, ie (more later: y-e)
2b947b30	Ways to spell ā · Level 4
f3b16cca	a, a-e, ay, ai, eigh, ea (more later: ey, ei)
db01e6a2	Ways to spell ē · Level 4
35ad7129	e, e-e, ee, ea, y, ey (more later: i, ie, ei)
18dfbd7c	Ways to spell ō · Level 4
525f95de	o, o-e, oa, ow, ou, oe (more later: oo, ough)
2b5e4	A
2b5e7	B
2b5e6	C
2b594	1
2b597	2
2b596	3
b880a96	Red
7c80d85b	Blue
c6798de	Green
a27be197	Circle
c61daaa4	Square
6267dcb	Triangle
7c83c081	Lion
c06334ca	Brachiosaurus
d76b353	T-Rex
be1084bd	Giraffe
c48726d	Apple
2b5e1	D
2b5e0	E
2b591	4
2b590	5
ac01da15	Orange
cbde30e1	Yellow
19a84cc4	Rectangle
7c89b9b1	Star
f643c125	a tiny light in the sky that shines at night
b87c049	Dog
2b5e3	F
c79d482b	Purple
b87cbd3	Cat
8dcfb02a	Elephant
2b593	6
d463d4f	Heart
2b5e2	G
2b592	7
7c8a9639	Pink
f8008b61	Diamond
7c809691	Bear
2b5ed	H
2b59d	8
c9ef1c3	Brown
7c83b631	Oval
2b5ec	I
c9b8e82	Black
e0572b0b	Penguin
c49cc8cb	Rabbit
2b59c	9
ea181be7	triceratops
68a8989c	stegosaurus
10b90ef5	Velociraptor
ea0fca2d	Pentagon
596824	10
b87b7d4	Fox
2b5ef	J
d87c362	White
78649b17	Hexagon
7c7f4228	Gray
2b5ee	K
633211a	Octagon
c3a27208	Ankylosaurus
402ebedd	Spinosaurus
c4db7186	Eastern Kingsnake
18451e21	A shiny black snake with chain-link yellow lines.
3638650	Worm Snake
33785c08	A tiny brown snake that looks like a big worm.
cb4b4c2a	Ring-necked Snake
4acca313	A little dark snake with a yellow ring around its neck.
b7e41e22	Snakes have no legs
b93d38ad	Snakes have no legs — they slither and glide.
91ee9e9f	A forked tongue smells
f14be9c4	A snake smells with its flicking forked tongue.
9050dd63	Snakes shed their skin
8c20e7d8	Snakes grow by shedding their old skin.
596825	11
2b5e9	L
b87de91	Owl
8be20560	Parasaurolophus
d453ee6	Horse
596826	12
ba7e7ce	seven
bed958ab	Turtle
72c6d2d1	Brown Snake
6149b156	A small brown snake that loves gardens and slugs.
7af668f0	Snakes are cold-blooded
f60b6735	Snakes warm up in the sun to get going.
596827	13
2b5e8	M
b5f49073	Pteranodon
8fd27166	Red-bellied Snake
4245457e	A tiny snake with a bright red belly.
2b5eb	N
9b749bbe	Southeastern Crowned Snake
2fac793	A tiny tan snake with a little black cap.
ccf98b87	Some hatch from eggs
77df32ae	Many baby snakes hatch out of eggs.
85bffda2	Snakes swallow food whole
31afc1f6	Snakes swallow their food in one big gulp.
d87e672	Whale
596820	14
d9539a8	Tiger
2b5ea	O
596821	15
7bd2987a	Rough Earthsnake
f382f2b	A little gray-brown snake that lives in the dirt.
964a896b	Heptagon
b8175ccd	Nonagon
ee8bd900	Decagon
8f331893	Snakes help us
fdb24ef4	Most snakes are helpers that eat pests.
2b5f5	P
ebfa96df	Smooth Earthsnake
9cc0772f	A little smooth snake that lives in the dirt.
e45bd4b	Zebra
596822	16
6b6a0b7d	Look, don't touch
40f8cb1c	If you see a snake, look and tell a grown-up.
dd04626	Shark
8b8dc1cf	Trapezoid
b86702e	1+1
b86702d	1+2
b86702c	1+3
b874bb3	cat
b8747f2	bat
e8d20866	the big, bright star that gives us light and heat
7c6fc086	moon
87649a09	the round object we see in the night sky
a7de847	brave
d8246b6f	not afraid, ready to face danger
7c70c166	calm
f1285281	quiet and peaceful, not upset
eaadc9e1	curious
d8881e53	wanting to learn or know more
71455565	American Toad
ac683437	True Toad · 🔊 a long, pretty trill · Bumpy brown skin and a song that can last 30 seconds!
591c2eea	Fowler's Toad
b68892dd	True Toad · 🔊 a short, whiny w-a-a-h · Sounds like a crying baby!
48db6e7e	Oak Toad
c3b2532a	True Toad · 🔊 a high peep like a baby chick · The tiniest toad in the USA!
6f5644f7	Southern Toad
79b83602	True Toad · 🔊 a high, buzzy trill · Has bumpy knobs on its head like a little crown.
b86702b	1+4
b8673ed	2+1
b8673ee	2+2
b8743bd	mat
b878be2	rat
a8b66f4	cloud
8cdb2e02	a white or gray puff in the sky made of water drops
6567efd9	drops of water that fall from clouds
abed9f7e	soft, white ice crystals that fall from the sky
9d61611	eager
37ee6218	excited and wanting to do something
50d2949b	fierce
4105befd	very strong or intense
52979db4	gentle
6697d4b6	soft and kind, not rough
da011c7	2 sounds
13b32798	Cricket Frog
e032a802	Treefrog · 🔊 gick-gick, like clicking two stones · Tiny — and it can't even climb trees!
c944c8b6	Pine Barrens Treefrog
dedb209f	Treefrog · 🔊 a nasal quonk-quonk · One of the prettiest frogs — green with plum stripes.
89ef6b72	Gray Treefrog
ed695daf	Treefrog · 🔊 a short, birdlike trill · A color-changer with sticky toe pads!
b3ed4c4	Green Treefrog
3849e355	Treefrog · 🔊 queenk-queenk, like a cowbell · Bright green with a white racing stripe.
b8673ef	2+3
b8673e8	2+4
b8772fa	pan
7c777631	wind
4a899c1	moving air you can feel but can't see
c929993a	very warm, high temperature
5d9180ae	honest
116f93d3	always telling the truth
f314eab5	friendly and caring toward others
7c74da27	jump
7c700b9a	must
b86782c	3+1
b8736ec	fan
9a2adea6	very cool, low temperature
a541752	loyal
1f96d3af	always faithful and true to someone
dd2800cd	Pine Woods Treefrog
4b7eb4c2	Treefrog · 🔊 a tapping dot-dot-dot, like Morse code · Hidden orange spots on its legs.
8b979c45	Barking Treefrog
dd3447fd	Treefrog · 🔊 a doglike bark · The biggest treefrog in NC, with round spots.
d16d18c8	Squirrel Treefrog
16a26b46	Treefrog · 🔊 a raspy scold, like a squirrel · Calls before rain — a 'rain frog'!
3626fa82	Mountain Chorus Frog
7334d15e	Chorus Frog · 🔊 a raspy wreek-wreek · Lives up in the NC mountains.
b86782f	3+2
9d9dcbd4	a little bit hot, comfortable heat
b25c1f9	proud
570ac5c3	feeling good about something you did
b86782e	3+3
b877afc	van
f223f926	a living thing that grows in soil and needs sunlight
30d7a486	nervous or quiet around other people
7c7774c0	wish
b867829	3+4
7c797592	seed
7596c578	a tiny part of a plant that can grow into a new plant
c31a2979	knowing a lot and making good choices
b2d9806	peri-
a6268ff	micro
bab78ef	scope
7c73b11d	tele
b8736f0	far
aa37fad	hydro
b864b93	6×7
596783	42
b86479d	7×8
5967a6	56
b86a713	8×9
5967e0	72
25ca6386	Alabama
1a579d16	Montgomery
948a4a10	Alaska
b2ca6985	Juneau
73e06981	lines of latitude
d874e45c	imaginary lines that run east–west and measure distance north or south of the equator
7483e452	lines of longitude
ba5fe808	imaginary lines that run north–south from pole to pole and measure distance east or west
80bbb46b	atmosphere
81b65caa	the gases surrounding a planet
e28ca7c6	1 foot
24cd32fc	12 inches
e28689da	1 yard
e7327dc4	3 feet
e28cfb19	1 mile
bd1ddd4	5,280 feet
797e9ac3	solar system
85f50a0d	the sun and all the planets and objects that orbit it
fb847346	erosion
821064aa	when wind or water carries away bits of rock or soil
4c2ae11d	weathering
f456afd1	the slow breaking down of rocks by wind, water, or ice
3dea0fa5	Arizona
aa20b68	Phoenix
dfc1edcf	Kangaroos are native to Australia.
b254136	First word of a sentence.
c7e578d2	Peggy likes to be called Peg.
6be92147	A person’s name or nickname.
aed9e889	Mom and Dad went out to dinner.
49ef528b	A relationship word used in place of a person’s name.
b86a31d	9×6
5967a4	54
ef485f87	Abraham Lincoln was born in Kentucky.
794f2f8e	Period — to end a sentence.
cf9bc7c5	Fri. Aug. Ln. Mrs. Dr. U.S.
e8044145	Period — after an abbreviation.
52531033	Roger Smith’s initials are R.S.
5452a72d	Period — after a person’s initials.
7c75ee70	phob
7c6e2435	fear
b864360	-ia
81e5c91c	condition or state
7c6da27a	acro
97039bfd	high or top
b864b9c	6×8
596789	48
b86479c	7×9
5967c0	63
ef0f7693	Arkansas
df36e63c	Little Rock
4247457f	California
8b5431fa	Sacramento
18351312	Colorado
9aa2720b	Denver
a2a17be	astro
b873b28	geo
507ed8c	1 kilogram
f553f4e2	1,000 grams
32136e37	mass is measured in?
4ef44064	kilograms (kg) and grams (g)
6dd8272	1 cup
c78a1ae	8 fluid ounces
e9b93d9d	deposition
1e42c2e4	when eroded material is dropped in a new place
b0ff75dc	igneous rock
6bb5f496	formed when molten magma inside Earth cools and hardens
c5b2dc73	sedimentary rock
4cec0ed0	formed from bits of rock and other materials left behind by wind and water and subjected to intense pressure and heat
e1e23090	Equivalent Fractions
f68c7dd4	fractions that name the same amount, like 1/2 and 2/4
c0b14daf	Quadrilaterals
ef0cbaa	shapes with four sides and four angles
840ec4b3	Parallel Lines
6d636a5c	lines that run side by side and never cross
72d548af	Optimus Prime
71206e23	Autobot · semi truck · Autobot leader — wise, brave, and carries the Matrix of Leadership.
c04885d6	Bumblebee
96971c9	Autobot · VW Beetle · Small, brave scout; the Autobots' best friend to humans.
7c850bee	Jazz
36676061	Autobot · Porsche 935 · Prime's cool-headed second-in-command who loves Earth music and culture.
23a8be3f	Ironhide
2cb578cd	Autobot · Nissan van · Tough, gruff old warrior and Prime's bodyguard.
56a739d8	Ratchet
1d727756	Autobot · ambulance · Chief medic who repairs his fellow Autobots.
4001540d	Cybertron
b734c4c3	The Transformers' metal home planet — a whole world of living machines.
ffe9421f	Energon
9ca44a27	The energy that powers all Transformers, stored in glowing Energon cubes.
653d803d	The Great War
aa72a5d8	The endless war between Autobots and Decepticons over Energon and Cybertron.
d78f0c44	The Ark
868b321f	The Autobot ship that crashed on Earth ~4 million years ago; the crew reawoke in 1984.
22cce56d	cardinal directions
4ee88dfe	the four main directions: north, south, east, and west
c171f182	intermediate directions
4ae51f77	the in-between directions: northeast, southeast, southwest, and northwest
424c6bf5	carbon footprint
21ef14c5	the amount of carbon dioxide released by a person's activities
23d1fd3b	Melinda said, “You’re my best friend.”
72c30178	First word of a direct quotation.
d8e74184	Eddie Trujilo’s friends call him E.T.
8e5d15a6	Initials.
93c762	My dentist’s name is Doctor Olson.
c42468ff	People’s titles and their abbreviations.
b86a71c	8×6
298b881	Will you wait for me?
49b1d18f	Question mark — after a question.
6e60de3	Run! Nanook, run!
3ae6659e	Exclamation mark — after a word or sentence that shows strong feeling.
8546fe09	I won the race!
b86a31c	9×7
b864b9d	6×9
47b12cb0	Connecticut
c5423db5	Hartford
d0681288	Delaware
c7932af	Dover
7f41cdbe	Florida
1563f398	Tallahassee
51a925c4	Isaac hit a grand slam.
f16a7ae9	Use a before a word that begins with a consonant sound.
aa6da1ed	Carlotta has a new puppy.
1bbebaf3	The lake was filled with boats.
5dd0ee7	A common noun is a general person, place, or thing; it begins with a lowercase letter.
47c5e001	The girl wore a blue dress.
572a0332	boat → boats · flower → flowers
8790f627	Add -s to the end of most nouns to make them plural.
e516f8d2	gas → gases · dish → dishes · box → boxes · tomato → tomatoes
dcd36307	Add -es to nouns ending in s, ss, sh, ch, x (and sometimes o).
652ee50	Aunt Corena baked my favorite cookies yesterday.
7c8c7322	Past tense — the action already happened.
811cc237	Aunt Corena bakes my favorite cookies.
328d0834	Present tense — the action is happening now.
6a920574	The boy plays with trucks.
68d926a5	Use a singular verb with a singular subject. (boy → plays)
37f6f014	The boys play with trucks.
87d5b125	Use a plural verb with a plural subject. (boys → play)
7c724dbf	noun
cef4f6ee	a person, place, thing, or idea
7c76e786	verb
b0a2bac9	a word that shows action or state of being
e282c177	1 pint
e502c7a2	2 cups
139efd8f	metamorphic rock
98531bb4	rock that has changed from one type of rock to another as a result of very high heat and pressure
f158fa5	a quadrilateral with exactly one pair of parallel sides
4df141fc	Teletraan I
6fbb570c	The Ark's computer that scanned Earth vehicles and gave the Transformers their disguises.
32cd5437	1 quart
84a374e7	2 pints
4e3542c9	ecosystem
fed28710	a community of living things and their surroundings that function as a unit
e71f8fb5	Wheeljack
5f28f36f	Autobot · Lancia Stratos · Inventor who built the Dinobots — his gadgets sometimes explode.
4c5ccf29	Transforming
42018829	The power to change between robot form and a vehicle or object ('alt mode').
7b4f785d	Maria gave her mother a box of candy.
9cf82ee0	Toni lives in Alaska.
509fa012	A proper noun is a specific person, place, or thing; it always begins with a capital letter.
12850a72	baby → babies · strawberry → strawberries
6b396ad5	If a noun ends in a consonant + y, change the y to i and add -es.
19b3ac9b	Aunt Corena will bake my favorite cookies tomorrow.
b472bac6	Future tense — the action will happen later.
4ab65542	abundant
54e2a91f	existing in large quantities; plentiful
c043f535	accumulate
640d0b6b	to gather or collect over time
aae75c38	Parallelogram
64637560	a quadrilateral with two pairs of parallel sides
d39a6a7b	My dentist’s name is Dr. Olson.
975b2098	Rita and Melanie are good tennis players.
9a9ee87d	Two or more subjects joined by ‘and’ take a plural verb.
dd322d3	Prowl
c09a566	Autobot · police car · Logical, by-the-book military strategist.
35b2a597	The Matrix of Leadership
3565c6c8	The sacred artifact passed down to Autobot leaders like Optimus Prime.
5e316562	adjective
da20aa06	a word that describes a noun
9cfcc6f0	Mirage
5c29551d	Autobot · F1 race car · Spy who can turn invisible.
ba6a0852	glacier
7380da80	a huge, slow-moving sheet of ice
fb0fb0a7	The Great Pyramid of Giza is located in Egypt.
dd8f9632	donkey → donkeys · monkey → monkeys
5591bcbb	If a noun ends in a vowel + y, just add -s.
67bf6559	walk → walked · open → opened · start → started
b04f9dd4	Most verbs are regular — add -ed to make the past tense.
b5583e73	1 gallon
896ba641	4 quarts
da4ebe4a	food chain
55f66d00	the order in which the organisms in an ecosystem use each other as a food source
5999db6d	barren
64c8fd57	empty and bare, unable to support growth
3f7d8dd5	Disney World is in Orlando, Florida.
754e1f44	Names of places, cities, states, roads, and avenues.
4a83ceb3	Raymond likes football, soccer, and hockey.
d4612dec	Comma — to separate words in a series.
6d23e51	12×11
b866d35	132
b3fae935	Georgia
38d1dac6	Atlanta
4d6ce86a	Jing saw an island out in the distance.
5a4a336b	Use an before a word that begins with a vowel sound.
f29e1e3f	He and she were the teams’ leaders.
f685e41a	Polygons
293b8de1	closed shapes made of straight sides
7c734650	ough
7aa41f51	/ŏ-ō-ö-ow-ŭf-ŏf/ · thought, though, through, bough, rough, trough
7c6dba9e	augh
99bc6efe	/ä-ăf/ · taught, laugh
fdb7af71	/ā-ī/ · eight, height
f247c386	/ch/ · butcher
53c2ab7b	/j/ · edge
7df717fa	/sh/ · partial
5970ff	si
c6db44ed	/sh-zh/ · session, division
596eef	ci
f3b03e28	/sh/ · spacious
596e6c	gn
811e9fef	/n/ · sign
812318a1	/n/ · know
4789339d	/r/ · write
7d2edd08	/f/ · phone
374cf85e	/ă-ā-ä/ · mat, table, father
59b0fed9	/ĕ-ē/ · tent, be
273a9b1e	/ĭ-ī-ē-y/ · it, ivy, stadium, onion
b7816da4	/ŏ-ō-ö/ · on, go, do
65db7d35	/ŭ-ū-ö-ü/ · up, pupil, flute, put
a78fe861	/y-ĭ-ī-ē/ · yard, gym, by, baby
5b806a33	/ā/ · laid
16b17f23	/ä/ · author
d47985b3	/ä/ · saw
5b713ff7	/ā/ · play
2d31847d	/ē-ĕ-ā/ · eat, bread, steak
171a28e7	/ē/ · tree
596da9	ei
d4a79206	/ā-ē-ī/ · their, protein, feisty
22cd58a2	/ö-ū/ · flew, few
c0c6a5d6	/ā-ē/ · they, key
f9263923	/ē/ · field
f5f09d05	/ī/ · night
dedcc606	/ō/ · coat
e57da727	/ō-ö/ · toe, shoe
79104b1c	/oi/ · boil
ae5be4c6	/ö-ü-ō/ · food, book, floor
82faf758	/ow-ō-ŭ-ü/ · house, soul, group, could
29c32f07	/ow-ō/ · plow, snow
497c9d60	/oi/ · boy
596fb9	ui
14c93038	/ö/ · fruit
5ef60314	/är/ · car
4a3aef0b	/er/ · search
14136a1a	/er/ · her
967b7578	/er/ · bird
1e2e16fa	/or/ · lord
9680ed3e	/er/ · hurt
b87806f	wor
202d56b5	/wer/ · worm
596ed2	bu
18d5a53e	/b/ · buy
b874b2a	cei
9db73279	/sē/ · receive
673b22bf	/ch-k-sh/ · child, school, chef
9a03a312	/k/ · back
8938c925	/ĕd-d-t/ · traded, pulled, picked
596db3	es
8ae37b41	/ĕz-z/ · faces, flies
596e77	gu
20637acc	/g-gw/ · guide, language
6d07abe8	/ng/ · sing
693ff337	/sh/ · she
66f073ae	/th-TH/ · thin, this
a4e71bef	/wh/ · whisper
8050a98f	The question asks what kind of person a character is, but the story never says. Where is the evidence?
e083e9c8	In what the character says and does.
30606dad	How do you find the best evidence?
77279d52	Read the story, then the question. Go back and find the sentence that answers it most directly.
4012539e	What is a fact in a story?
88bd7e2f	Something the story says right out.
35cde85e	What is an inference?
2879aaa4	A conclusion you make from the facts. The facts are your evidence.
66076e46	Can an inference be wrong?
efa11ecb	Yes. It is your best guess from the clues, so check the evidence carefully.
7c75c0fa	peak
c9d7d7ae	in physics, the height of a wave
4dc29fa3	adverb
a1a5f1e7	a word that describes a verb, adjective, or other adverb
d1cf97cf	discovery
baecf656	in science, understanding or seeing something previously not understood about how the world works
bc91470b	astronomy
27962a0d	the study of the cosmos
9e0f781c	biology
ec1c891c	the study of life
6e4ea888	chemical reaction
b3839097	occurs when atoms join together, leave a molecule, or switch places
ef9b9483	chemistry
841883da	the investigation of what physical things are made of and the ways in which they change; the study of matter
cb30ae8d	Vector Sigma
7591a847	The ancient supercomputer on Cybertron that can create new Transformer life.
d45661d	Hound
666a24df	Autobot · military jeep · Nature-loving scout who projects holograms.
c56ffd9	Ralph’s bicycle is bright red.
b98da356	A possessive noun shows ownership. Add ’s to make a singular or plural noun possessive.
a73b77e6	man → men · tooth → teeth · mouse → mice · foot → feet · child → children
be0a196d	Some nouns change completely when they become plural (irregular).
6febf974	go → went · eat → ate · take → took · write → wrote · become → became
ba114389	Irregular verbs don’t add -ed — the word itself changes in the past tense.
ac48dbfd	boundary
4654db26	a line or limit that marks the edge of an area
abf187fd	How do you figure out a character’s traits?
a6207e2f	Watch what they say and do, then decide what kind of person acts that way.
9684081b	What else can you use besides the story to make an inference?
534f8f0e	What you already know about the world, added to the clues in the text.
fc5e0601	/k-s/ · cat, cent
c79e5c5d	/g-j/ · big, gem
bbaab29e	/ks-z/ · fox, xylophone
aeb8383	therm
7c715dfd	heat
c4d8bd47	June 25, 2010
ea8359e9	Comma — to separate the day of the month from the year.
7c53f268	12×9
b866c9c	108
b65b7dfa	Hawaii
dc9ae5a3	Honolulu
32dc66b4	1 pound
831d00c3	16 ounces
ddcfadad	producer
ffc6f2fb	organisms in the first trophic level that make food from the Sun’s energy
fddc3c8c	Abraham is an honest man.
bdcd824b	Right Triangle
59862a15	a triangle with one right (90°) angle
a635dc07	I live on Fifth Street and Marble Road.
8cb98cf4	Apple pie and ice cream is my favorite dessert.
eea4d8f1	When two subjects joined by ‘and’ form a single unit, use a singular verb.
381f2d41	go or walk
6b908b72	pronoun
c547ccfb	a word that takes the place of a noun
cad969e2	elevation
63a7921	how high the land is above sea level
e8463978	characteristic
d5ef21a0	a special quality or feature of something
ae77e67b	March 3, 1865
8580b010	You hit a word you don’t know. What is the first thing to try?
beaac464	Context clues: the other words in the sentence that hint at the meaning.
1aaf77a	How do you test your guess for a new word?
dd72619b	Swap your guess in for the word. If the sentence still makes sense, you are probably right.
a58f8b95	geology
6e08dbf0	the study of Earth
a5de4e8e	physics
91e9cd9e	the branch of science that explores how the natural world works
4f5dbd2e	omnivore
b736843d	an animal that eats both plants and animals
88f4cab5	vertebrate
64793cd3	an animal that has a backbone
5b833ac5	Combiners
bcfef1cf	Teams of Transformers that merge into one giant robot (like Devastator).
66dc58c6	Sideswipe
a53bc064	Autobot · red Lamborghini · Daring frontline warrior; Sunstreaker's twin.
e6107394	The children’s books are downstairs.
222bd77	fish → fish · deer → deer · sheep → sheep
ddbf5a6e	Some nouns don’t change at all from singular to plural.
7c53f266	12×7
596909	84
1dae637f	Bacon and eggs is a popular combination.
27987620	Equilateral Triangle
208cee62	a triangle with three equal sides
5bff5e2a	clench
a4686f2	grasp
bad265b	slept
ae032f2	twins
cac405d3	gumdrop
1282fb38	quicksand
6cc1f262	muskrat
71bf76c0	pigpen
ba0100b	stiff
ba00fa3	stick
ba06c60	swept
add98be	truck
a7a8e0f	blank
ba9bcd1	sniff
a8b6d03	cliff
6855d74a	things
4292e3cd	dashes
6dc2f4f1	kisses
834056b1	benches
b874fe0	hid
7c6b136c	drop
7c73be32	then
7c73be31	them
7c73b1ce	tent
7c6f502c	less
57fd2755	to go down to the bottom of water
7c79a678	sits
b8769ec	jab
b8772f8	pal
b876b7d	jug
b871e6a	den
b878960	rub
b87230a	end
b87ecca	Kim
b87ed45	Ken
b87be0e	Dan
b87c68c	Ben
7e28e243	English words do not end in i, u, v, or j.
fc65215a	CK is only used right after a short vowel.
290e98da	Words that are plural and say /iz/ at the end use es.
96f386b6	When a vowel is at the end of the syllable it is usually long.
34e07c42	Double f, l, and s when they follow a short vowel in a single-syllable word.
d36d0bcd	You make most words plural by adding s.
6951a99e	drumsticks
5fb5fc79	intend
5fb412dc	insult
a1cec70	admit
5993a371	bandit
7f8a2f11	submit
5e3aa738	helmet
5fad3679	indent
78327a67	wigwam
b873244	add
c12a7445	napkins
cf1b750f	United Kingdom
ad22e74d	London
9727da78	France
dd8e9fc	Paris
b4be072e	Germany
9f0abadb	Berlin
22c11cd7	Jamestown
6e9b89b6	1607 — first permanent English settlement in North America
d9039b3	Plymouth Colony
3dbf776a	1620 — Pilgrims established a colony in Massachusetts seeking religious freedom
15009830	Boston Tea Party
b112fdd1	1773 — colonists dumped British tea into the harbor to protest taxation without representation
12a8f2af	Jefferson
bd155763	president
597ce826	bought
b3462df	piece
7c75d2f9	paid
a86c7aa	cents
b877262	per
cac90b2	Clark
72cf311e	through
7d24ed4d	going in one side and out the other
e8c85a12	Pacific
5196ad0	learned
11efe730	animals
b2802c43	William I (the Conqueror)
17e1a90f	House of Normandy · 1066–1087 · Won the Battle of Hastings (1066); ordered the Domesday Book.
cbe800b8	William II (Rufus)
6a1a1277	House of Normandy · 1087–1100 · Son of the Conqueror; killed by an arrow in the New Forest.
776f4aa4	Henry I
6a27d574	House of Normandy · 1100–1135 · Youngest son of William I; his heir drowned in the White Ship disaster.
82075814	Stephen
42749b46	House of Blois · 1135–1154 · Civil war with cousin Matilda — a period called “The Anarchy.”
65589f6d	Henry II
b6a81ab	House of Plantagenet · 1154–1189 · First Plantagenet; Archbishop Thomas Becket murdered in his reign.
baf5e68	skull
7c722190	item
edea77ef	Norman Conquest (Battle of Hastings)
caf205ff	1066 — William beats Harold; Normans take over England.
fefd4944	Magna Carta
112221b	1215 — King John forced to accept limits on royal power — a foundation of law & rights.
c0638e40	Hundred Years’ War
ff35ff98	1337–1453 — Long war with France (Agincourt, Joan of Arc).
94a4f727	The Black Death
ecf3a4d	1348 — Plague killed about a third of England — reshaped society and the workforce.
c568998	Frame
a7a8f95	blaze
dc32000	Spain
9d83f332	Madrid
cd764ec	Italy
7c898610	Rome
d26a4f1	Japan
d9a6063	Tokyo
a3275878	Declaration of Independence
6997a823	1776 — declared the 13 colonies free from British rule, written primarily by Thomas Jefferson
2d4bf9da	Constitutional Convention
8a697846	1787 — delegates met in Philadelphia to write the U.S. Constitution
135b6774	Bill of Rights
49106af	1791 — the first 10 amendments to the Constitution protecting individual freedoms
7fd865c4	square
f24d047d	Richard I (the Lionheart)
30683a52	House of Plantagenet · 1189–1199 · Warrior-king and crusader; spent almost no time in England.
7c84e0a6	John
5de08621	House of Plantagenet · 1199–1216 · Forced to seal Magna Carta (1215); lost Normandy to France.
1626413a	Wars of the Roses
964dcae6	1455–1487 — Lancaster vs York civil war; ends with Tudor Henry VII.
350588ab	English Reformation
d7135fd7	1530s — Henry VIII breaks with Rome; creates the Church of England.
4b4afa4f	⅓ as decimal
e09ac0ce	0.333…
2d2b6a68	⅔ as decimal
e09c518b	0.666…
c9a751ca	advocate
36d9c091	to publicly support or recommend a cause or policy
ea270499	ambiguous
ffec7b	having more than one possible meaning; unclear
8e6735ee	independent clause
1444fa0a	a group of words with a subject and verb that can stand alone as a sentence
83f2a6c9	dependent clause
8e33e4a4	a group of words with a subject and verb that cannot stand alone — needs an independent clause
a8deefd	chron
a681fed	morph
c50734e1	form or shape
d45cd6bc	cell membrane
ccda24cd	the thin outer layer that controls what enters and leaves the cell
eec27852	nucleus
3c65e0c0	the control center of a cell that holds DNA
a76c08a	began
7fafceb2	swings
6accf716	fifteen
a3b800d	fumes
106c8d44	Henry III
dd57aee0	House of Plantagenet · 1216–1272 · Rebuilt Westminster Abbey; first elected parliament (Simon de Montfort).
cae9ea8	China
7f949501	Beijing
78b34125	Louisiana Purchase
e25bdb2	1803 — the U.S. bought a vast territory from France, doubling the nation's size
e7a32e61	Spanish Armada
4e3d2fec	1588 — Elizabeth I defeats Spain’s invasion fleet.
5cfd9b7c	relative clause
54134aa7	a dependent clause that starts with who, which, or that and describes a noun
7c703489	bene
8306e72c	das Papier
2f12ab86	das Flugzeug
12198429	airplane
587b0d2a	der Beamer
88e921cd	projector
63798d02	der Wind
7c8603a8	Herr
b87c5f4	Mr.
8351a1c3	technology
e294bedf	The scientific study of craft, meaning any method or invention that lets humans control or adapt to their environment. Technology combines scientific discoveries with engineering.
a120d91c	engineering
4385fae6	The branch of technology in which science and mathematics are used to design and build structures and machines.
d97ba30a	odometer
46adb015	An instrument that measures the distance a vehicle has traveled by counting how many times its wheels turn.
66250a57	optics
7df6482c	The field of science that studies light and how it interacts with objects such as lenses and mirrors.
93f8ef25	cosmology
233c74ee	The field of study that examines the universe as a whole, what it contains, and how it changes.
7c7ebe45	Frau
7c807ae7	Mrs.
d483e83	Hallo
d462e07	Hello
919f187a	Guten Tag
a4258d54	Good day, hello
f4ce6434	Guten Morgen
7a6e7358	Good morning
744bd504	Guten Abend
46add43e	Good evening
bef05386	Tschüs
b9ca34f5	Good-bye
3dbf11ca	Auf Wiedersehen
211a85d6	Bis bald
b23a2668	See you soon
2995c616	Gute Nacht
4e474d5a	Good night
78cdd18f	sehr gut
f9deeaef	very well
54f92dcb	archaeology
44003c0b	the study of the things of the past that people made, used, and left behind to understand how they lived
777e59cf	archaeologists
dcbfcc10	scientists who study the things of the past that people made, used, and left behind to understand how they lived
11aa4a08	artifacts
6000e949	the things of the past that people made, used, and left behind
719f7015	the study of the past
b873d23	gut
7c7766f7	well
352cccd1	ganz gut
82bcb	quite well
872e7571	es geht so
bac7c05	so so
a244f627	nicht so gut
d7f89bda	not very well
3eb5d8aa	furchtbar
e29627b6	terrible
12d12c75	Wie geht’s?
7d9aa9f	How are you?
9c65400	danke
6859f7ce	thanks
10e7220a	Gut, danke
e211248	Fine, thanks.
5e7fae0	Guten Abend, Heidi!
6212625a	Good evening, Heidi!
8784b65f	Hallo, wie geht’s?
2324131	Hello, how are you?
171ff2c8	alembic
b65a1d25	An early piece of specialized glassware used by chemists for simple distillation.
8e7c6e39	pelican
becf7b46	Another early piece of glassware used for simple distillation, with side arms that return heavier condensed vapors to the vessel.
4a96fb4c	condenser
61070136	A piece of glassware in which a vapor is cooled so that its molecules slow down and return to the liquid state.
594bc21f	beaker
c524222b	A wide-mouthed, flat-bottomed glass container with volume markings and a pouring spout, used to measure and transfer liquids.
a369276	flask
9a8e90b3	A glass container with a wide bottom and narrow mouth used for holding and mixing liquids. Types include the cone-shaped Erlenmeyer flask, the volumetric flask, and the round-bottom flask.
7fa0d735	stones
2011d88d	die Trommel
7c6b102b	drum
ee05349e	die Klarinette
51f25e4f	clarinet
63823077	der Gast
a4b4355	guest
4098e045	das Brettspiel
dce9a8f1	board game
b875567	ich
348ff2e5	ancestors
b4c71327	people in your family who lived long ago
60eb9a58	historian
f62bd5ce	someone who studies history
bb366214	primary source
c69244da	a source in which the author witnessed the event
e66ef6e2	secondary source
e0d3e05d	a source that was created after the event took place and was written from primary sources
d110cb76	catalog
7910f85a	to list items with each item's information
596d94	du
b8790ba	sie
e8eaefbf	wie heißt du?
e45704c6	what are you called?
acc6bb19	ich heiße
faa844a5	I'm called
17fa35fb	distillation
e8d96677	Separating a mixture of liquids by heating it so that different liquids vaporize at different temperatures, then cooling each vapor back into a liquid and collecting it.
7cede78a	Edward I (Longshanks)
521890be	House of Plantagenet · 1272–1307 · Conquered Wales; called “Hammer of the Scots.”
2f727058	participial phrase
49b655ad	a phrase beginning with a verb form (-ing or -ed) that acts as an adjective
b8743a5	mal
b8747e2	bad
28393840	¼ as decimal
7c53d45c	0.25
e02c8a60	Erlenmeyer flask
2cfe3ccc	A cone-shaped flask with a broad flat bottom and narrow neck that minimizes spills during mixing and can be sealed with a stopper.
f9c985f2	volumetric flask
b305a6	A round, flat-bottomed flask with a tall neck marked with a line for measuring one exact volume.
8e1f1736	graduated cylinder
cf25a500	A tall glass or plastic cylinder with markings on the outside used to accurately measure the volumes of liquids.
b34125d	pipet
aa0bc432	A thin tube used to measure or transfer small or exact volumes of liquid.
b8c40e7f	pipetman
8e5c3333	A handheld pumping instrument with a plastic tip that measures and transfers very small amounts of liquid.
e8eaf459	wie heißt er?
56a8cf84	what is he called?
edbeed1d	er heißt
3b340a71	he is called
c06bf015	sie heißt
9f8e0262	she is called
f96af8ce	wie heißen sie?
ea4ac045	what are they called?
cde9f0ea	sie heißen
733c13b0	they are called
5c41a63d	chisel
7ce85f78	to carve into a stone with a tool
9bf028c7	cuneiform
65869ed4	an ancient writing system made up of wedge-shaped characters
52d3c59c	excavate
f078d785	to gently dig a site for artifacts
b87bf98	GIS
3ab5089b	stands for "Geographic Information System" and is a database of geographic maps
cd2f854f	hieroglyphics
e68fb865	symbols used in the written language of ancient Egyptians
b66c493	whiff
81379168	smiles
b66c22b	whisk
2ceeb022	wer ist das?
1a4c80f9	who is that?
950bf2dd	das ist
dcdb3a9f	that/this is
36337de4	mein Freund
e55577c7	my friend (male)
a98a51c6	meine Freundin
29298164	my friend (female)
b87671a	und
